-- phpMyAdmin SQL Dump
-- version 5.2.1
-- https://www.phpmyadmin.net/
--
-- Host: localhost:3306
-- Generation Time: Jul 06, 2023 at 06:12 PM
-- Server version: 5.7.42
-- PHP Version: 8.1.16

SET SQL_MODE = "NO_AUTO_VALUE_ON_ZERO";
START TRANSACTION;
SET time_zone = "+00:00";


/*!40101 SET @OLD_CHARACTER_SET_CLIENT=@@CHARACTER_SET_CLIENT */;
/*!40101 SET @OLD_CHARACTER_SET_RESULTS=@@CHARACTER_SET_RESULTS */;
/*!40101 SET @OLD_COLLATION_CONNECTION=@@COLLATION_CONNECTION */;
/*!40101 SET NAMES utf8mb4 */;

--
-- Database: `bdappspr_content`
--

-- --------------------------------------------------------

--
-- Table structure for table `app_lists`
--

CREATE TABLE `app_lists` (
  `id` bigint(20) UNSIGNED NOT NULL,
  `app_id` varchar(255) COLLATE utf8mb4_unicode_ci DEFAULT NULL,
  `app_password` varchar(255) COLLATE utf8mb4_unicode_ci DEFAULT NULL,
  `app_name` varchar(255) COLLATE utf8mb4_unicode_ci NOT NULL,
  `app_type` varchar(255) COLLATE utf8mb4_unicode_ci NOT NULL,
  `created_at` timestamp NULL DEFAULT NULL,
  `updated_at` timestamp NULL DEFAULT NULL
) ENGINE=InnoDB DEFAULT CHARSET=utf8mb4 COLLATE=utf8mb4_unicode_ci;

--
-- Dumping data for table `app_lists`
--

INSERT INTO `app_lists` (`id`, `app_id`, `app_password`, `app_name`, `app_type`, `created_at`, `updated_at`) VALUES
(4, 'APP_068423', '3d5f03143c454f75350c834555da7ae0', 'lv012', 'loves', '2022-07-27 03:45:37', '2022-07-28 09:01:05'),
(5, 'APP_069227', 'd06f941d0a7ab9e77f6e4f10b513d31b', 'PHOTV', 'Photo App', '2022-08-17 00:31:48', '2022-11-10 09:18:33'),
(7, 'APP_070567', 'f86e74c64763d1359ef4adc65042431d', 'SPOS', 'Sports', '2022-09-22 00:44:51', '2022-09-30 09:28:46'),
(8, NULL, NULL, 'AppLo', 'App Locker', '2022-11-12 22:24:22', '2022-11-12 22:24:22'),
(9, 'APP_072299', '5db2430c2fe5f7b94607f09c5500f58d', 'ALock', 'Apps Lock', '2022-11-13 20:17:02', '2022-11-27 08:04:29'),
(10, 'APP_078867', 'e369845cb8592d5277f4da01c92055c7', 'RAMDA', 'Islamic', '2023-01-07 10:07:36', '2023-01-07 19:57:11'),
(11, 'APP_082272', 'babd419f1ba2855e0c0e844a9c996096', 'ALLQ1', 'Islamic', '2023-02-26 09:43:59', '2023-02-27 06:58:15'),
(12, 'APP_083069', 'b6f54ce7bc86a85bd1c6e877c114a4e8', 'LO7v0', 'Lifestyle', '2023-03-10 08:19:44', '2023-03-10 21:26:55'),
(13, 'APP_083070', 'd179e6b657307df18a0aad5a43d1c4b8', 'TrV0', 'Lifestyle', '2023-03-10 08:33:24', '2023-03-10 21:27:31'),
(14, 'APP_083166', '691253095e7a17fca80ab93d6b9eba35', 'L0v0', 'Lifestyle', '2023-03-14 07:16:16', '2023-03-14 22:26:19'),
(15, 'APP_083531', '71ed4a21e95a12f1309beb009846c8b9', 'Ro771', 'Lifestyle_Himal', '2023-03-24 21:06:27', '2023-04-07 23:14:27'),
(16, 'APP_083533', 'ef74d74b1da501a8f8b7e30f24ab9188', 'ALQ15', 'Islamic_Ripon', '2023-03-24 22:21:05', '2023-04-09 21:05:41'),
(17, 'APP_083596', 'c38af3f3c5ea14b120329c723a6f57b8', 'QH99', 'Islamic_Himal', '2023-03-27 07:38:05', '2023-04-07 23:13:46'),
(18, 'APP_083626', 'fd26387cbbc0044a4182b392f94ab93d', 'IsL80', 'Islamic_Tarikul', '2023-03-27 22:04:59', '2023-03-28 01:37:02'),
(19, 'APP_083627', 'bdbc486fed66e85722d6670acd7d613b', 'F0m3', 'Lifestyle_Tarikul', '2023-03-27 22:11:37', '2023-03-28 01:37:37'),
(20, 'APP_083741', '31e5a5e1c75d878954e2dacd151a667c', 'L07v', 'Lifestyle_Haque', '2023-03-28 21:46:59', '2023-03-29 20:50:29'),
(21, 'APP_083742', 'dca084b753122031bca5bbae4c2ebb72', 'ARB7', 'Islamic_Siddick', '2023-03-28 22:05:28', '2023-03-29 20:51:25'),
(22, 'APP_083776', 'b818230ddcb6e4ce170df36aa44afff3', 'L0V51', 'Lifestyle_Monirul', '2023-03-30 07:21:08', '2023-03-31 07:24:54'),
(23, 'APP_083777', '26fd8d19135bae09b32a3c100905d5be', 'H9IL', 'Islamic_Monirul', '2023-03-30 07:27:59', '2023-03-31 07:25:39'),
(24, 'APP_083829', 'cd3771ab2c1c82b2d62de65927d2398e', 'H0Q99', 'Islamic_Sharmin', '2023-03-31 22:01:35', '2023-04-02 07:04:46'),
(25, 'APP_083830', '12ee8ca8cd086ba3bb5f1af4ecc0054f', 'R0m7', 'Lifestyle_Sharmin', '2023-03-31 22:06:41', '2023-04-22 02:25:35'),
(26, 'APP_084432', '024a49ff1d6d506498e02bd64bd821c8', 'FRD07', 'Friend_Rokya', '2023-04-15 23:22:55', '2023-04-16 21:15:42'),
(27, 'APP_084433', 'd7127627d07d129c051bb5986cbbf255', 'IS9M', 'Islamic_Rokya', '2023-04-15 23:27:40', '2023-04-16 21:15:07'),
(28, 'APP_084529', '4771b1c6ef03f52a7df00b14b05ad55a', 'FRD7', 'Lifestyle_Anika', '2023-04-22 21:35:16', '2023-04-22 23:02:20'),
(29, 'APP_084530', '5e65cd51f12deeca22ec544e6970e67b', 'HDQ7', 'Islamic_Anika', '2023-04-22 21:45:12', '2023-04-22 23:02:56'),
(30, 'APP_084531', '4076ee912aec3797485ab6e89123b933', 'TRVL7', 'Travel_Anika', '2023-04-22 21:51:49', '2023-04-22 23:03:29'),
(31, 'APP_084532', '6e86445baea7f09adc1abbfeb4462ea2', 'ROL7', 'Lifestyle_Taslima', '2023-04-22 21:57:55', '2023-04-22 23:04:50'),
(32, 'APP_084533', '66135e565422217c7bead6d1357e218a', 'QNH9', 'Islamic_Taslima', '2023-04-22 22:02:49', '2023-04-22 23:05:28'),
(33, 'APP_084534', 'fd78bcb5b1a092317e15c6c77acc5946', 'TRL9', 'Travel_Taslima', '2023-04-22 22:07:01', '2023-04-22 23:05:59'),
(34, 'APP_084756', '1582e076c4dcf320f8409b0d9035628f', 'HAT10', 'Halth_Nila', '2023-05-01 21:17:06', '2023-05-24 06:08:43'),
(35, 'APP_084757', '8abea4754cc4fb28e517b80bc3e2623c', 'Taq7', 'Islamic_Nila', '2023-05-01 21:23:26', '2023-05-24 06:10:11'),
(36, 'APP_084758', '19a7c07fe0613fd6a714727e321cc78f', 'ROMN7', 'Love_Nila', '2023-05-01 21:28:08', '2023-05-24 06:10:54'),
(37, 'APP_084802', 'a027b8e1463ff0a3f21e1d44ace3f09c', 'JBS07', 'Jobs_Ahsan', '2023-05-04 09:29:07', '2023-05-05 00:10:15'),
(38, 'APP_084803', 'a6e98a0954fa18767463060a894ea367', 'iLo1', 'Love_Ahsan', '2023-05-04 09:38:03', '2023-05-05 00:10:55'),
(39, 'APP_084804', '70d77044b78d61bf240677ae8e4ee270', 'Is7l', 'Islamic_Ahsan', '2023-05-04 09:43:40', '2023-05-05 00:11:33'),
(40, 'APP_085000', 'b211528512b11d54d13a7118fa7530d1', 'J0B9', 'Jobs_Khaleda', '2023-05-14 22:03:48', '2023-05-15 07:37:09'),
(41, 'APP_085001', 'c5315597e90d9845275ffca0ec969553', 'Ha1d1', 'Love_Khaleda', '2023-05-14 22:10:03', '2023-05-15 07:37:51'),
(42, 'APP_085002', 'a1f8e7f9768a97e9be702a472b47467d', 'Is77', 'Islamic_Khaleda', '2023-05-14 22:15:57', '2023-05-15 07:38:35'),
(43, 'APP_085126', '61f3008149dc7b6b253d42a7558f1864', 'Is15l', 'Islamic_H_Afrin95', '2023-05-21 07:38:18', '2023-05-23 20:22:11'),
(44, 'APP_085127', 'e4c8fb13fbe16986e2dc442f366cea3d', 'L01V', 'Love_H_Afrin95', '2023-05-21 07:43:40', '2023-05-23 20:23:15'),
(45, 'APP_085128', 'a85cea750bdacfcd95ab2d3d17100cf9', 'Ed0C', 'Education_H_Afrin95', '2023-05-21 07:50:40', '2023-05-23 20:27:22'),
(46, 'APP_085130', '05bd9884fcb6a4075e32be95a78bd6bd', 'Jb09', 'Jobs_H_Afrin95', '2023-05-21 07:56:15', '2023-05-23 20:31:31'),
(47, 'APP_085131', '63a13ba26bca94bd24c0d0c5dccfe5bf', 'Hl7T', 'Health_H_Afrin95', '2023-05-21 08:03:44', '2023-05-23 20:33:36'),
(48, 'APP_085132', '1fdb6bb086c2b8eac7a730b38eec735b', 'Tr01', 'Travel_H_Afrin95', '2023-05-21 08:09:04', '2023-05-23 20:34:40'),
(49, 'APP_085133', 'dde550f7f57e1859b3858dae05ee6131', 'S0r', 'Sports_H_Afrin95', '2023-05-21 08:12:57', '2023-05-23 20:38:25'),
(50, 'APP_085161', 'e6501552775a0ee292ce0d4018f5edde', 'LV0l', 'Love_H_jamshed.cse', '2023-05-21 20:25:23', '2023-05-23 20:41:38'),
(51, 'APP_085162', '6a3a29eb1aebef346c3271e9fb36b926', 'Hd9', 'Islamic_H_jamshed.cse', '2023-05-21 20:35:44', '2023-05-23 20:42:27'),
(52, 'APP_085163', 'bba84938ddb82ed7afef2f12ca4ac51b', 'Jbs9', 'Jobs_H_jamshed.cse', '2023-05-21 20:42:12', '2023-05-23 20:43:20'),
(53, 'APP_085164', '470df66d0c9f7e208d34310b174b43bb', 'ED9', 'Education_H_jamshed.cse', '2023-05-21 20:46:04', '2023-05-23 20:44:04'),
(54, 'APP_085165', '02ff45320b74c2353639aae27f57a22a', 'Spt9', 'Sports_H_jamshed.cse', '2023-05-21 20:50:12', '2023-05-23 20:44:46'),
(55, 'APP_085166', 'c42bd2496f71e3f626108397a74f5408', 'Tv9', 'Travel_H_jamshed.cse', '2023-05-21 20:56:43', '2023-05-23 20:45:51'),
(56, 'APP_085167', '32831eb602f7076de0251dc586f7e380', 'Hl9', 'Health_H_jamshed.cse', '2023-05-21 21:02:20', '2023-05-23 20:46:38'),
(57, 'APP_085169', 'e7bb269028fa838eabb54ed6db29a714', 'QAR', 'Islamic_H_afnan.bsc', '2023-05-21 22:50:54', '2023-05-23 20:47:32'),
(58, 'APP_085170', '99959a21d63bb2171aa9790791686b2e', 'LV09L', 'Love_H_afnan.bsc', '2023-05-21 22:55:25', '2023-05-23 20:48:23'),
(59, 'APP_085171', 'd8c350d819f8e1fd857e16206b47760d', 'JbL', 'Jobs_H_afnan.bsc', '2023-05-21 23:01:02', '2023-05-23 20:49:09'),
(60, 'APP_085172', '6a2c9a9f35e4dc5c1386ad32c482ea53', 'CRSo', 'Sports_H_afnan.bsc', '2023-05-21 23:04:13', '2023-05-23 20:50:05'),
(61, 'APP_085173', '3fa3807847b7ae0c0ec1b342e0d6b905', 'STD9', 'Education_H_afnan.bsc', '2023-05-21 23:08:54', '2023-05-23 20:50:51'),
(62, 'APP_085174', 'a4cf01a472f3daa73470eca3ea18048d', 'TVLR', 'Travel_H_afnan.bsc', '2023-05-21 23:13:15', '2023-05-23 20:51:48'),
(63, 'APP_085175', '8413b615e57a1193d9754967aac99613', 'HTD9', 'Health_H_afnan.bsc', '2023-05-21 23:16:51', '2023-05-23 20:52:36'),
(64, 'APP_085183', '839c2ba532ae4c969372e12c02113161', 'QSI', 'Islamic_H_nusjad.12', '2023-05-22 05:47:14', '2023-05-23 20:53:19'),
(65, 'APP_085184', '370e9bd0775cd3da58625275af634c9f', 'Bvel', 'Love_H_nusjad.12', '2023-05-22 05:52:52', '2023-05-23 20:54:04'),
(66, 'APP_085185', 'eef03bf2f94650a60d9cbac156cbc034', 'CRJ', 'Jobs_H_nusjad.12', '2023-05-22 05:57:48', '2023-05-23 20:54:54'),
(67, 'APP_085186', '78ba6780eead027ac3724c05cbd08012', 'HAL', 'Health_H_nusjad.12', '2023-05-22 06:01:20', '2023-05-23 20:55:39'),
(68, 'APP_085187', '01f2a1dff9eeaf9ed96e556eea282b80', 'SPTL', 'Sports_H_nusjad.12', '2023-05-22 06:04:32', '2023-05-23 20:56:23'),
(69, 'APP_085188', '3d612933b5ea0cf0cea667b51d1ca5b6', 'TR0', 'Travel_H_nusjad.12', '2023-05-22 06:08:39', '2023-05-23 20:57:01'),
(70, 'APP_085189', '00d482a8ead43fef4bbe5812d358b5e2', 'ED0', 'Education_H_nusjad.12', '2023-05-22 06:13:29', '2023-05-23 20:57:41'),
(71, 'APP_085191', '32d3c6964a23c316aa21456e187f9cc2', 'RL0', 'Love_H_armankhan', '2023-05-22 06:21:38', '2023-05-23 20:59:15'),
(72, 'APP_085192', '914651ec52accfa445705e1f0a6045a4', 'QlR', 'Islamic_H_armankhan', '2023-05-22 06:26:52', '2023-05-23 21:01:11'),
(73, 'APP_085193', '9876b50f682c7ca7b6d71242c7fbcc33', 'JBsl', 'Jobs_H_armankhan', '2023-05-22 06:32:23', '2023-05-23 21:01:46'),
(74, 'APP_085194', '6a7429e463b7a408c604f0bf34c97a02', 'SP0t', 'Sports_H_armankhan', '2023-05-22 06:36:08', '2023-05-23 21:02:21'),
(75, 'APP_085195', '206eb4ce1c49412d42d357ca5476ed41', 'ED0L', 'Education_H_armankhan', '2023-05-22 06:39:45', '2023-05-23 21:02:59'),
(76, 'APP_085196', '86d2ccbcd58ab3ec169592891e0abae9', 'H01l', 'Health_H_armankhan', '2023-05-22 06:45:39', '2023-05-23 21:03:34'),
(77, 'APP_085197', 'dce6af80eee10cda4a77ae2d499233b2', 'TR0E', 'Travel_H_armankhan', '2023-05-22 06:48:31', '2023-05-23 21:04:08'),
(78, 'APP_085520', 'a4066f3eef039b23f527495c21b1fcba', 'EDU9', 'Education_Khaleda', '2023-06-03 22:01:11', '2023-06-06 06:35:23'),
(79, 'APP_085554', 'dfac0a8c1bc4c324376771d910919bb1', 'IS0L', 'Islamic_H_kamrulgub', '2023-06-05 20:07:33', '2023-06-11 20:40:25'),
(80, 'APP_085555', 'fa9c55286446fbc281052f3f7ef752ae', 'L0vL', 'Love_H_kamrulgub', '2023-06-05 20:17:03', '2023-06-11 20:39:37'),
(81, 'APP_085556', '723955b921fb41ebc430dd028c1f69be', 'Ed01', 'Education_H_kamrulgub', '2023-06-05 20:29:31', '2023-06-11 20:39:03'),
(82, 'APP_085557', 'e230e70d6b41831614cbb2fc1020b339', 'JB0', 'Jobs_H_kamrulgub', '2023-06-05 20:34:50', '2023-06-11 20:38:13'),
(83, 'APP_085558', '084785d0401c4771218b11654bbde459', 'Hel0', 'Health_H_kamrulgub', '2023-06-05 20:39:49', '2023-06-11 20:37:15'),
(84, 'APP_085559', '353c2424ca0b8a6ff916b9dc093e4a62', 'QL0', 'Islamic_H_mmahmuda', '2023-06-05 20:45:09', '2023-06-11 20:43:34'),
(85, 'APP_085560', 'b622b1b26b5c06a641c0471243b327a2', 'R0M', 'Love_H_mmahmuda', '2023-06-05 20:51:24', '2023-06-11 20:43:07'),
(86, 'APP_085561', '8f69f8f5d6248158d250fc0dad4a17c7', 'Ed05', 'Education_H_mmahmuda', '2023-06-05 20:57:24', '2023-06-11 20:42:33'),
(87, 'APP_085562', 'b8eed4892b67208f656d8b25e83b1be4', 'Jc0', 'Jobs_H_mmahmuda', '2023-06-05 21:01:01', '2023-06-11 20:42:01'),
(88, 'APP_085563', '5fef80e35bcfd6beca831cb71d44d149', 'H0L', 'Health_H_mmahmuda', '2023-06-05 21:05:57', '2023-06-11 20:41:23'),
(89, 'APP_085566', '466e87fe7ab416b78a0812e87974909f', 'QR19', 'Islamic_MAMUN07', '2023-06-06 05:32:11', '2023-06-14 21:08:45'),
(90, 'APP_085567', '705a0a4a9a8f567a0e68d9bccdca5570', 'LR', 'Love_MAMUN07', '2023-06-06 05:36:53', '2023-06-14 21:09:25'),
(91, 'APP_085568', 'ad8ff091b212d9bb2b99a938fca1c30b', 'SD1', 'Education_MAMUN07', '2023-06-06 05:40:22', '2023-06-14 21:07:59'),
(92, 'APP_085569', '717fa3f1c9ff8fb30da9205532d4ab1e', 'R9', 'Love_SHABIHA', '2023-06-06 05:47:18', '2023-06-14 21:05:37'),
(93, 'APP_085570', '0a230ec527513d57d950320a344da6f0', 'Jc', 'Jobs_SHABIHA', '2023-06-06 05:50:49', '2023-06-14 21:04:55'),
(94, 'APP_085571', '1a57ddaea1d473b18cfa72c952772b14', 'Ed1', 'Education_SHABIHA', '2023-06-06 05:54:18', '2023-06-14 21:04:11'),
(95, 'APP_085572', 'a5a9ae015abaf26272100063abbcedd5', 'Qi', 'Islamic_SHABIHA', '2023-06-06 05:58:09', '2023-06-14 21:06:31'),
(96, 'APP_085836', 'fb3b35c664978868e4d37895280dbd6c', 'IHQ', 'Islamic_H_rtrazom', '2023-06-24 20:44:06', '2023-06-30 07:42:33'),
(97, 'APP_085837', '22e3ff0c78565fdcf6f985710a67c578', 'LRA', 'Love_H_rtrazom', '2023-06-24 20:49:20', '2023-06-30 07:43:15'),
(98, 'APP_085838', 'bee02fc21d057644885a27972e204dc3', 'JDB9', 'Jobs_H_rtrazom', '2023-06-24 20:53:41', '2023-06-30 07:44:04'),
(99, 'APP_085839', '5523ded131765f29ca264357fc1dcb8c', 'HLH1', 'Health_H_rtrazom', '2023-06-24 20:58:27', '2023-06-30 07:44:38'),
(100, 'APP_085840', '557495a4042f314c50bca53bba97a329', 'Spon', 'Sports_H_rtrazom', '2023-06-24 21:02:14', '2023-06-30 07:45:15'),
(101, 'APP_085841', '3cc9c4f8654ede8470087b9c5a53ba36', 'ED09', 'Education_H_rtrazom', '2023-06-24 21:06:06', '2023-06-30 07:45:59'),
(102, 'APP_085842', 'd8302ef88004389d769ff5d52081e561', 'Tvl9', 'Travel_H_rtrazom', '2023-06-24 21:10:34', '2023-06-30 07:47:23'),
(103, 'APP_085843', '5b502030f30588ac9322172b489ee8ab', 'IHJ', 'Islamic_H_mdaliazom', '2023-06-24 22:46:52', '2023-06-30 07:47:56'),
(104, 'APP_085844', 'b175d70605ae33aa26122f2d012a937c', 'LRTA', 'Love_H_mdaliazom', '2023-06-24 22:52:47', '2023-06-30 07:48:33'),
(105, 'APP_085845', 'be23d42f7542fd71f30db9c5ca1e199c', 'Jb1s', 'Jobs_H_mdaliazom', '2023-06-24 22:58:58', '2023-06-30 07:49:15'),
(106, 'APP_085846', '51ddd248fd04218c32431ae0234d428f', 'Htdk', 'Health_H_mdaliazom', '2023-06-24 23:43:50', '2023-06-30 07:49:59'),
(107, 'APP_085849', '2bc864d67650042d152ef3b8f7a9b1d9', 'Tvl0', 'Travel_H_mdaliazom', '2023-06-24 23:46:31', '2023-06-30 07:50:36'),
(108, 'APP_085854', 'f23d952a71f96f1b15f21014ba11643f', 'Spo0', 'Sports_H_mdaliazom', '2023-06-25 00:06:18', '2023-06-30 07:51:19'),
(109, 'APP_085857', '98f36f526690fd616167f077935789c2', 'Ed0ca', 'Education_H_mdaliazom', '2023-06-25 00:09:49', '2023-06-30 07:51:59'),
(110, 'APP_085878', '7d280aedf483de75b356de295eae6054', 'IQH', 'Islamic_H_akmukta99', '2023-06-25 21:03:24', '2023-07-01 01:16:07'),
(111, 'APP_085879', '1f0f4eb193d06124e484d0e33b6ad7e5', 'LoR', 'Love_H_akmukta99', '2023-06-25 21:06:19', '2023-07-01 01:16:50'),
(112, 'APP_085880', '07e7c16a5060ae38556235b9486900ea', 'JB0s', 'Jobs_H_akmukta99', '2023-06-25 21:09:09', '2023-07-01 01:17:24'),
(113, 'APP_085881', '556672678f817ac394fb369094f66103', 'Ed0t', 'Education_H_akmukta99', '2023-06-25 21:15:00', '2023-07-01 01:19:15'),
(114, 'APP_085882', 'a5b978973577af535141e7afc2f6e720', 'Sp0g', 'Sports_H_akmukta99', '2023-06-25 21:17:42', '2023-07-01 01:19:46'),
(115, 'APP_085883', 'f0ccaefc255d655498722c268932f1dc', 'Hloa', 'Health_H_akmukta99', '2023-06-25 21:20:15', '2023-07-01 01:21:08'),
(116, 'APP_085884', '6d7ead4d63b49c3633481f959b82b315', 'Tr0l', 'Travel_H_akmukta99', '2023-06-25 21:22:46', '2023-07-01 01:21:45');

-- --------------------------------------------------------

--
-- Table structure for table `contents`
--

CREATE TABLE `contents` (
  `id` bigint(20) UNSIGNED NOT NULL,
  `content` varchar(1000) COLLATE utf8mb4_unicode_ci NOT NULL,
  `date` varchar(255) COLLATE utf8mb4_unicode_ci NOT NULL,
  `content_type` varchar(255) COLLATE utf8mb4_unicode_ci NOT NULL,
  `status` tinyint(1) NOT NULL DEFAULT '0',
  `created_at` timestamp NULL DEFAULT NULL,
  `updated_at` timestamp NULL DEFAULT NULL
) ENGINE=InnoDB DEFAULT CHARSET=utf8mb4 COLLATE=utf8mb4_unicode_ci;

--
-- Dumping data for table `contents`
--

INSERT INTO `contents` (`id`, `content`, `date`, `content_type`, `status`, `created_at`, `updated_at`) VALUES
(1, 'abcsssssssssssss', '27-07-2022', 'test', 0, '2022-07-27 02:35:21', '2022-07-27 07:46:16');

-- --------------------------------------------------------

--
-- Table structure for table `failed_jobs`
--

CREATE TABLE `failed_jobs` (
  `id` bigint(20) UNSIGNED NOT NULL,
  `uuid` varchar(255) COLLATE utf8mb4_unicode_ci NOT NULL,
  `connection` text COLLATE utf8mb4_unicode_ci NOT NULL,
  `queue` text COLLATE utf8mb4_unicode_ci NOT NULL,
  `payload` longtext COLLATE utf8mb4_unicode_ci NOT NULL,
  `exception` longtext COLLATE utf8mb4_unicode_ci NOT NULL,
  `failed_at` timestamp NOT NULL DEFAULT CURRENT_TIMESTAMP
) ENGINE=InnoDB DEFAULT CHARSET=utf8mb4 COLLATE=utf8mb4_unicode_ci;

-- --------------------------------------------------------

--
-- Table structure for table `migrations`
--

CREATE TABLE `migrations` (
  `id` int(10) UNSIGNED NOT NULL,
  `migration` varchar(255) COLLATE utf8mb4_unicode_ci NOT NULL,
  `batch` int(11) NOT NULL
) ENGINE=InnoDB DEFAULT CHARSET=utf8mb4 COLLATE=utf8mb4_unicode_ci;

--
-- Dumping data for table `migrations`
--

INSERT INTO `migrations` (`id`, `migration`, `batch`) VALUES
(1, '2014_10_12_000000_create_users_table', 1),
(2, '2014_10_12_100000_create_password_resets_table', 1),
(3, '2019_08_19_000000_create_failed_jobs_table', 1),
(4, '2019_12_14_000001_create_personal_access_tokens_table', 1),
(5, '2022_07_15_181721_create_app_lists_table', 1),
(6, '2022_07_15_182019_create_subscribers_table', 2),
(8, '2022_07_25_191539_create_contents_table', 3);

-- --------------------------------------------------------

--
-- Table structure for table `password_resets`
--

CREATE TABLE `password_resets` (
  `email` varchar(255) COLLATE utf8mb4_unicode_ci NOT NULL,
  `token` varchar(255) COLLATE utf8mb4_unicode_ci NOT NULL,
  `created_at` timestamp NULL DEFAULT NULL
) ENGINE=InnoDB DEFAULT CHARSET=utf8mb4 COLLATE=utf8mb4_unicode_ci;

-- --------------------------------------------------------

--
-- Table structure for table `personal_access_tokens`
--

CREATE TABLE `personal_access_tokens` (
  `id` bigint(20) UNSIGNED NOT NULL,
  `tokenable_type` varchar(255) COLLATE utf8mb4_unicode_ci NOT NULL,
  `tokenable_id` bigint(20) UNSIGNED NOT NULL,
  `name` varchar(255) COLLATE utf8mb4_unicode_ci NOT NULL,
  `token` varchar(64) COLLATE utf8mb4_unicode_ci NOT NULL,
  `abilities` text COLLATE utf8mb4_unicode_ci,
  `last_used_at` timestamp NULL DEFAULT NULL,
  `created_at` timestamp NULL DEFAULT NULL,
  `updated_at` timestamp NULL DEFAULT NULL
) ENGINE=InnoDB DEFAULT CHARSET=utf8mb4 COLLATE=utf8mb4_unicode_ci;

-- --------------------------------------------------------

--
-- Table structure for table `subscribers`
--

CREATE TABLE `subscribers` (
  `id` bigint(20) UNSIGNED NOT NULL,
  `app_id` bigint(20) UNSIGNED NOT NULL,
  `mask_no` varchar(255) COLLATE utf8mb4_unicode_ci NOT NULL,
  `subscription_status` varchar(255) COLLATE utf8mb4_unicode_ci NOT NULL,
  `created_at` timestamp NULL DEFAULT NULL,
  `updated_at` timestamp NULL DEFAULT NULL
) ENGINE=InnoDB DEFAULT CHARSET=utf8mb4 COLLATE=utf8mb4_unicode_ci;

--
-- Dumping data for table `subscribers`
--

INSERT INTO `subscribers` (`id`, `app_id`, `mask_no`, `subscription_status`, `created_at`, `updated_at`) VALUES
(1, 4, 'tel:Y2VmZDExNzlhYTcwYTU0ZGE0NGRjMTUwNjNjMmFlOWU4YmExYTU3MjMyYzQ0MDFiNjU2YWVlYjdkYjAyZGI2OTpyb2Jp', 'Try', '2022-08-02 22:21:01', '2022-08-02 22:21:01'),
(2, 4, 'tel:Y2VmZDExNzlhYTcwYTU0ZGE0NGRjMTUwNjNjMmFlOWU4YmExYTU3MjMyYzQ0MDFiNjU2YWVlYjdkYjAyZGI2OTpyb2Jp', 'Try', '2022-08-03 06:30:33', '2022-08-03 06:30:33'),
(3, 4, 'tel:Y2VmZDExNzlhYTcwYTU0ZGE0NGRjMTUwNjNjMmFlOWU4YmExYTU3MjMyYzQ0MDFiNjU2YWVlYjdkYjAyZGI2OTpyb2Jp', 'Try', '2022-08-03 06:45:50', '2022-08-03 06:45:50'),
(4, 4, 'tel:Y2VmZDExNzlhYTcwYTU0ZGE0NGRjMTUwNjNjMmFlOWU4YmExYTU3MjMyYzQ0MDFiNjU2YWVlYjdkYjAyZGI2OTpyb2Jp', 'Try', '2022-08-15 16:13:22', '2022-08-15 16:13:22'),
(5, 4, 'tel:Y2VmZDExNzlhYTcwYTU0ZGE0NGRjMTUwNjNjMmFlOWU4YmExYTU3MjMyYzQ0MDFiNjU2YWVlYjdkYjAyZGI2OTpyb2Jp', 'Try', '2022-08-15 16:20:22', '2022-08-15 16:20:22'),
(6, 4, 'tel:MWNlNTliY2M5NDJjODNjZDg4YjRiNGMxNGVmZjg5OTM2MzM1NWJmNWZkZWU1Y2RlZjZjYmJjYWU2NDVhZjE5OTpyb2Jp', 'Try', '2022-08-15 16:23:44', '2022-08-15 16:23:44'),
(7, 4, 'tel:NWE5OWJhOWQ5MmM5NzFkMzhiYjVkZmIzZDk2NWFiNmZlYTk4YzI1ZDBkYjg5MmIxMDU3ZTA2YzFjYzNhMjMwMjpyb2Jp', 'UNREGISTERED', '2022-08-16 09:49:34', '2022-08-17 04:55:32'),
(8, 4, 'tel:ODM5YWRiZmZkZWZlZjE5N2JjODMxZDljM2I4ZjM4NDRkMzkyYWRkZGY4NTI4OWM4MTFjMTc4OGFhZWZkNDE1Mzpyb2Jp', 'Try', '2022-08-17 15:35:33', '2022-08-17 15:35:33'),
(9, 4, 'tel:OGVjNDlkNTJhMmExODY3NDhkOGU0ZTQ4NGE0OTQwYmNlZGUxOTllMTgwYmYyMzNiMDViYTc4ODAyNzk2YzJjZjpyb2Jp', 'UNREGISTERED', '2022-08-17 15:44:41', '2022-08-17 09:51:52'),
(10, 5, 'tel:NDRkOGE1OWUzZGVhMGM0NGQ2MzljYTgwNmNjZmI5N2VkZDkzNzE0MTVlZjg5N2MzNTgyMGFiY2I2MzBlMmU2Mzpyb2Jp', 'UNREGISTERED', '2022-08-18 04:39:23', '2023-01-11 00:22:04'),
(11, 5, 'tel:NDRkOGE1OWUzZGVhMGM0NGQ2MzljYTgwNmNjZmI5N2VkZDkzNzE0MTVlZjg5N2MzNTgyMGFiY2I2MzBlMmU2Mzpyb2Jp', 'UNREGISTERED', '2022-08-18 04:40:01', '2023-01-11 00:22:04'),
(12, 5, 'tel:OTI0OTc0MjY1NzI1MTkxM2NhMDFjNzNhY2Q4MWQwMzI1OWY1Yzc1YTEzYTRjYjU1ZWEwMTA1ZjgyNDc5ZDkyMzpyb2Jp', 'REGISTERED', '2022-08-18 05:09:11', '2022-08-18 06:00:02'),
(13, 5, 'tel:OTI0OTc0MjY1NzI1MTkxM2NhMDFjNzNhY2Q4MWQwMzI1OWY1Yzc1YTEzYTRjYjU1ZWEwMTA1ZjgyNDc5ZDkyMzpyb2Jp', 'REGISTERED', '2022-08-18 05:10:07', '2022-08-18 06:00:02'),
(14, 5, 'tel:NDRkOGE1OWUzZGVhMGM0NGQ2MzljYTgwNmNjZmI5N2VkZDkzNzE0MTVlZjg5N2MzNTgyMGFiY2I2MzBlMmU2Mzpyb2Jp', 'UNREGISTERED', '2022-08-30 14:18:54', '2023-01-11 00:22:04'),
(15, 5, 'tel:NDRkOGE1OWUzZGVhMGM0NGQ2MzljYTgwNmNjZmI5N2VkZDkzNzE0MTVlZjg5N2MzNTgyMGFiY2I2MzBlMmU2Mzpyb2Jp', 'UNREGISTERED', '2022-09-19 15:04:02', '2023-01-11 00:22:04'),
(16, 5, 'tel:NDRkOGE1OWUzZGVhMGM0NGQ2MzljYTgwNmNjZmI5N2VkZDkzNzE0MTVlZjg5N2MzNTgyMGFiY2I2MzBlMmU2Mzpyb2Jp', 'UNREGISTERED', '2022-09-20 05:27:25', '2023-01-11 00:22:04'),
(17, 5, 'tel:NDRkOGE1OWUzZGVhMGM0NGQ2MzljYTgwNmNjZmI5N2VkZDkzNzE0MTVlZjg5N2MzNTgyMGFiY2I2MzBlMmU2Mzpyb2Jp', 'UNREGISTERED', '2022-09-21 12:51:27', '2023-01-11 00:22:04'),
(18, 4, 'tel:ODM5YWRiZmZkZWZlZjE5N2JjODMxZDljM2I4ZjM4NDRkMzkyYWRkZGY4NTI4OWM4MTFjMTc4OGFhZWZkNDE1Mzpyb2Jp', 'INITIAL CHARGING PENDING', '2022-09-22 08:41:34', '2022-09-22 08:41:34'),
(19, 4, 'tel:MzJkYTU0ZjAwNGRlNGU4ZDRmNTZhY2ZhMmUwNjFjN2RkMGY4NmVhMzFiYmMzZjlkNGMxZDhmZWU4ZDJjN2Y4YTpyb2Jp', 'INITIAL CHARGING PENDING', '2022-09-22 08:53:50', '2022-09-22 08:53:50'),
(20, 7, 'tel:MDI4MzJiNWExOWY1MjEyMjI3Y2M0NTAyMTdkOTc3OGI3Yzk1MzIyZDAzODk0YzIzMTI0M2Q2YTZhNDY2ZWQzMDpyb2Jp', 'Try', '2022-09-30 15:30:20', '2022-09-30 15:30:20'),
(21, 7, 'tel:MDI4MzJiNWExOWY1MjEyMjI3Y2M0NTAyMTdkOTc3OGI3Yzk1MzIyZDAzODk0YzIzMTI0M2Q2YTZhNDY2ZWQzMDpyb2Jp', 'Try', '2022-09-30 15:39:16', '2022-09-30 15:39:16'),
(22, 7, 'tel:MDI4MzJiNWExOWY1MjEyMjI3Y2M0NTAyMTdkOTc3OGI3Yzk1MzIyZDAzODk0YzIzMTI0M2Q2YTZhNDY2ZWQzMDpyb2Jp', 'Try', '2022-10-01 03:19:47', '2022-10-01 03:19:47'),
(23, 4, 'tel:ODM5YWRiZmZkZWZlZjE5N2JjODMxZDljM2I4ZjM4NDRkMzkyYWRkZGY4NTI4OWM4MTFjMTc4OGFhZWZkNDE1Mzpyb2Jp', 'Try', '2022-10-01 11:28:54', '2022-10-01 11:28:54'),
(24, 4, 'tel:NmZkYTljMjcwNjZmOGJlNGYzNzZlMzViM2Y3ODdkZTY3Y2NkZWUzNDhlZWVjYWFmMWQ3ZjA5NjdkODcxNjE4Njpyb2Jp', 'Try', '2022-10-01 11:29:59', '2022-10-01 11:29:59'),
(25, 7, 'tel:MDI4MzJiNWExOWY1MjEyMjI3Y2M0NTAyMTdkOTc3OGI3Yzk1MzIyZDAzODk0YzIzMTI0M2Q2YTZhNDY2ZWQzMDpyb2Jp', 'Try', '2022-10-02 05:10:09', '2022-10-02 05:10:09'),
(26, 4, 'tel:YWJkODIzY2I1NTgwMzU1MTM2ODQwM2ZhNTFhOTg0NDQ0MWRjNWM4OGQ4M2Q3NTlmY2VlNTQzNjgzMDA2MzIzOTpyb2Jp', 'INITIAL CHARGING PENDING', '2022-10-09 07:05:37', '2022-10-09 07:05:37'),
(27, 4, 'tel:NmUxZDgwM2Y2ZjVjY2JmMDc3Yzg0NzU4ZjE3M2YwMDU4ZmJkMjBjN2FiZjBhNGEzOWMxMjQ5NTk1MDIzYTBkYTpyb2Jp', 'INITIAL CHARGING PENDING', '2022-10-09 22:32:40', '2022-10-09 22:32:40'),
(28, 4, 'tel:ZmE5ZjlhYjNiN2NkOWVjOGNlN2JmNWRkNDc0MmM4MTAxMjQ5ZDNjMDBlZTFiN2UxNGRiOGEyOWI3MDk5MjhhNjpyb2Jp', 'INITIAL CHARGING PENDING', '2022-10-10 20:25:28', '2022-10-10 20:25:28'),
(29, 5, 'tel:NDRkOGE1OWUzZGVhMGM0NGQ2MzljYTgwNmNjZmI5N2VkZDkzNzE0MTVlZjg5N2MzNTgyMGFiY2I2MzBlMmU2Mzpyb2Jp', 'UNREGISTERED', '2022-10-11 09:27:08', '2023-01-11 00:22:04'),
(30, 5, 'tel:MTEwZGIyZmZjYTQ4NWQ4MTE0NTg1OWJkODNkY2VlYmNlYjI4MjFhMzc1Njg0ZGY0OThjNWM0YmI5OTkxZDRiZTpyb2Jp', 'INITIAL CHARGING PENDING', '2022-10-18 01:49:41', '2022-10-18 01:49:41'),
(31, 5, 'tel:ODRjZjRhYWFmOGQyOTVlY2IwM2JiMzkwNzM2OTJiMzQ3NGZmZTMzMDYwNTBiZThkMzkzMThhYWU1OTNmNjhkZjpyb2Jp', 'UNREGISTERED', '2022-11-11 02:09:37', '2023-03-05 18:54:48'),
(32, 5, 'tel:MTllOGJkM2NkZGE4MjYzZDNjZmJlYzdhYWRiZmJjNWU2NjY2MDA3NzA3ZjU1ODg2Zjc4ZTk4MzNmMTVlOTE5YTpyb2Jp', 'UNREGISTERED', '2022-11-11 09:53:39', '2023-03-04 19:24:59'),
(33, 5, 'tel:NDRkOGE1OWUzZGVhMGM0NGQ2MzljYTgwNmNjZmI5N2VkZDkzNzE0MTVlZjg5N2MzNTgyMGFiY2I2MzBlMmU2Mzpyb2Jp', 'UNREGISTERED', '2022-11-20 02:35:25', '2023-01-11 00:22:04'),
(34, 5, 'tel:NDRkOGE1OWUzZGVhMGM0NGQ2MzljYTgwNmNjZmI5N2VkZDkzNzE0MTVlZjg5N2MzNTgyMGFiY2I2MzBlMmU2Mzpyb2Jp', 'UNREGISTERED', '2022-11-20 03:34:57', '2023-01-11 00:22:04'),
(35, 5, 'tel:ODRjZjRhYWFmOGQyOTVlY2IwM2JiMzkwNzM2OTJiMzQ3NGZmZTMzMDYwNTBiZThkMzkzMThhYWU1OTNmNjhkZjpyb2Jp', 'UNREGISTERED', '2022-11-20 03:36:10', '2023-03-05 18:54:48'),
(36, 5, 'tel:ODRjZjRhYWFmOGQyOTVlY2IwM2JiMzkwNzM2OTJiMzQ3NGZmZTMzMDYwNTBiZThkMzkzMThhYWU1OTNmNjhkZjpyb2Jp', 'UNREGISTERED', '2022-11-20 07:26:17', '2023-03-05 18:54:48'),
(37, 5, 'tel:ODRjZjRhYWFmOGQyOTVlY2IwM2JiMzkwNzM2OTJiMzQ3NGZmZTMzMDYwNTBiZThkMzkzMThhYWU1OTNmNjhkZjpyb2Jp', 'UNREGISTERED', '2022-11-20 10:50:22', '2023-03-05 18:54:48'),
(38, 5, 'tel:ODRjZjRhYWFmOGQyOTVlY2IwM2JiMzkwNzM2OTJiMzQ3NGZmZTMzMDYwNTBiZThkMzkzMThhYWU1OTNmNjhkZjpyb2Jp', 'UNREGISTERED', '2022-11-20 12:26:39', '2023-03-05 18:54:48'),
(39, 5, 'tel:NDRkOGE1OWUzZGVhMGM0NGQ2MzljYTgwNmNjZmI5N2VkZDkzNzE0MTVlZjg5N2MzNTgyMGFiY2I2MzBlMmU2Mzpyb2Jp', 'UNREGISTERED', '2022-11-21 06:02:28', '2023-01-11 00:22:04'),
(40, 5, 'tel:NDRkOGE1OWUzZGVhMGM0NGQ2MzljYTgwNmNjZmI5N2VkZDkzNzE0MTVlZjg5N2MzNTgyMGFiY2I2MzBlMmU2Mzpyb2Jp', 'UNREGISTERED', '2022-11-21 12:01:30', '2023-01-11 00:22:04'),
(41, 7, 'tel:MDI4MzJiNWExOWY1MjEyMjI3Y2M0NTAyMTdkOTc3OGI3Yzk1MzIyZDAzODk0YzIzMTI0M2Q2YTZhNDY2ZWQzMDpyb2Jp', 'Try', '2022-11-23 04:56:06', '2022-11-23 04:56:06'),
(42, 4, 'tel:YTBmMTMyYzlhNDU5Njk5ZmU3NmUzMTBjMmZiOTEwMzQ4NTAzYzFiMWM3MDdhYmY2OGI2YzBiZjgzODBkYmI2MDpyb2Jp', 'Try', '2022-11-24 02:19:47', '2022-11-24 02:19:47'),
(43, 5, 'tel:N2U4ZGFhNWQxZDQxMWFiMzEwNDgwNWVjZmYxOTQ3OTI1ZDhkMWM0NzU0Mjg2NmI4OGQ2YjVkYzQ4N2E1MDExMjpyb2Jp', 'INITIAL CHARGING PENDING', '2022-11-27 07:19:53', '2022-11-27 07:19:53'),
(44, 9, 'tel:MTBhZWU5ZmUyZDQ2MzNiYjY2YmY3NmJjODg0NTExMzllZWFjYjg1MzdhZDY0M2ZlMTMyNjU3ODc1YmYwY2ExMDpyb2Jp', 'Try', '2022-11-27 14:05:03', '2022-11-27 14:05:03'),
(45, 5, 'tel:ZWEzNWY5YjRiY2E4ZGYwNmU3MTZiZmZlMGIxM2MwNDJmMGRjMjg1ZGE4OGY0NWExOWZjYWE5NjQxNzY2ODYyYjpyb2Jp', 'UNREGISTERED', '2022-11-27 08:25:43', '2023-04-20 18:26:21'),
(46, 5, 'tel:NDRkOGE1OWUzZGVhMGM0NGQ2MzljYTgwNmNjZmI5N2VkZDkzNzE0MTVlZjg5N2MzNTgyMGFiY2I2MzBlMmU2Mzpyb2Jp', 'UNREGISTERED', '2022-12-12 03:38:59', '2023-01-11 00:22:04'),
(47, 5, 'tel:NDRkOGE1OWUzZGVhMGM0NGQ2MzljYTgwNmNjZmI5N2VkZDkzNzE0MTVlZjg5N2MzNTgyMGFiY2I2MzBlMmU2Mzpyb2Jp', 'UNREGISTERED', '2022-12-20 03:45:32', '2023-01-11 00:22:04'),
(48, 5, 'tel:MWZiNzU0YmNiOTYxOGQzMDcwYjY5ZGUzNmIxMmM2YTUyMTI4MjM5OTQ5ZmE0OWQ3ZjRmMzMzMzRiYzVlNTE2Njpyb2Jp', 'UNREGISTERED', '2022-12-23 12:54:14', '2023-01-04 05:30:21'),
(49, 7, 'tel:MDI4MzJiNWExOWY1MjEyMjI3Y2M0NTAyMTdkOTc3OGI3Yzk1MzIyZDAzODk0YzIzMTI0M2Q2YTZhNDY2ZWQzMDpyb2Jp', 'Try', '2023-01-07 15:45:22', '2023-01-07 15:45:22'),
(50, 9, 'tel:MTBhZWU5ZmUyZDQ2MzNiYjY2YmY3NmJjODg0NTExMzllZWFjYjg1MzdhZDY0M2ZlMTMyNjU3ODc1YmYwY2ExMDpyb2Jp', 'Try', '2023-01-07 15:49:35', '2023-01-07 15:49:35'),
(51, 10, 'tel:ZDAxOGMzYzQxZDhhNzllOTZkMDM5ODhkOTIzNGFkNTdlZTQ2NmI3ODc5YWQ0OWIwYjEyNThkZWQ5ZTcwM2FhYjpyb2Jp', 'Try', '2023-01-08 01:58:54', '2023-01-08 01:58:54'),
(52, 5, 'tel:YTczNTNiN2Y2YzgyNmUyYWE3N2FkZDQ4YjRmZDU1ZDlkZmQ0ODM5NWE1N2U0MDU4MTIxM2IyZTI1MWU0MmU5OTpyb2Jp', 'REGISTERED', '2023-01-25 23:06:16', '2023-01-25 23:06:47'),
(53, 5, 'tel:MjdjOGU0YWVkNWY4NjRlNGIyYzM0ZmI0YTdlYzQ2MmZmOTk3YjA3NjFiZTNiOTNlYzZjNzIzZDVhNzk2NWVmNTpyb2Jp', 'REGISTERED', '2023-02-06 20:56:07', '2023-03-26 23:43:22'),
(54, 5, 'tel:MTY4MTZjZTg2NmIwY2ZkYmRjMzAzZGQ4NTVhMjNjYTQ3MjEyNmQyZDM5OWI3YjE0YWE1ZDE1YTBhZDI3ZGM4Zjpyb2Jp', 'Try', '2023-02-23 01:48:30', '2023-02-23 01:48:30'),
(55, 5, 'tel:OGM2OTFmNzgwNGY1OTRlZDI3YTQzNGM5ZjdmNjk0NmQxMTkwM2ZmZjM3YTE0OGUyNGY0ODc2Y2FlOGNjYmU4MTpyb2Jp', 'Try', '2023-02-23 01:49:33', '2023-02-23 01:49:33'),
(56, 5, 'tel:MjdjOGU0YWVkNWY4NjRlNGIyYzM0ZmI0YTdlYzQ2MmZmOTk3YjA3NjFiZTNiOTNlYzZjNzIzZDVhNzk2NWVmNTpyb2Jp', 'REGISTERED', '2023-02-23 01:50:53', '2023-03-26 23:43:22'),
(57, 10, 'tel:YWJhNWU0NzkxZmNlOTg0ZmYyYjczMDJjMWY0ZmIzMGVhZWQ2NzI5ZDhmYmNiNjBlZDFiYjgxOTM1NDRjMmFlZDpyb2Jp', 'Try', '2023-02-23 01:57:53', '2023-02-23 01:57:53'),
(58, 5, 'tel:ZTRkYzZhNDRmNzNkZWMzMDU5ZjdlNzY1Y2E4OGM4ZWE5OTAzMWJmYWY2YjE0MTRiOGRiMzRlN2I1MzcxNGZiMzpyb2Jp', 'Try', '2023-02-27 09:39:09', '2023-02-27 09:39:09'),
(59, 5, 'tel:ZTRkYzZhNDRmNzNkZWMzMDU5ZjdlNzY1Y2E4OGM4ZWE5OTAzMWJmYWY2YjE0MTRiOGRiMzRlN2I1MzcxNGZiMzpyb2Jp', 'Try', '2023-02-27 09:39:18', '2023-02-27 09:39:18'),
(60, 11, 'tel:NTBhMjFlNmNhN2JhNWViMGVkYmNhNGJmNGIxMjU3ZDI0ZmFkOWM2N2RmYmQ1NDM2ZDFhZjRhNDg2NGM0YWE3Mjpyb2Jp', 'Try', '2023-02-27 13:00:34', '2023-02-27 13:00:34'),
(61, 11, 'tel:YzAxY2Y3YjcxMzJhYjY3YjU0ZmUxNTAzMGUyYjQzMjIwYzk0ODFmMjYyYTUyYjI4YmM4NjRkODA5ZTgyMDYyOTpyb2Jp', 'UNREGISTERED', '2023-03-06 11:57:18', '2023-03-18 08:51:03'),
(62, 11, 'tel:YzAxY2Y3YjcxMzJhYjY3YjU0ZmUxNTAzMGUyYjQzMjIwYzk0ODFmMjYyYTUyYjI4YmM4NjRkODA5ZTgyMDYyOTpyb2Jp', 'UNREGISTERED', '2023-03-06 14:44:07', '2023-03-18 08:51:03'),
(63, 11, 'tel:OWU5YTgyYzFiM2RkM2UyYTQzY2Q1M2MzZjljZjc3ODI4MDZkYzlhYzcxNWI2MDQ2NGQwZjJkMDIyNGFmZDlmZjpyb2Jp', 'Try', '2023-03-08 04:49:29', '2023-03-08 04:49:29'),
(64, 13, 'tel:OGFmZjkxMjQzNjMwYjI3NWY4OWU2MWQ0ZjQ3YzRjNjNlZDMxMzI5YWNhZDIwZTI0ZDg4NjUxZjE4NmJiY2I0NDpyb2Jp', 'Try', '2023-03-11 03:38:54', '2023-03-11 03:38:54'),
(65, 11, 'tel:YzAxY2Y3YjcxMzJhYjY3YjU0ZmUxNTAzMGUyYjQzMjIwYzk0ODFmMjYyYTUyYjI4YmM4NjRkODA5ZTgyMDYyOTpyb2Jp', 'UNREGISTERED', '2023-03-12 04:20:04', '2023-03-18 08:51:03'),
(66, 11, 'tel:YzAxY2Y3YjcxMzJhYjY3YjU0ZmUxNTAzMGUyYjQzMjIwYzk0ODFmMjYyYTUyYjI4YmM4NjRkODA5ZTgyMDYyOTpyb2Jp', 'UNREGISTERED', '2023-03-14 01:37:42', '2023-03-18 08:51:03'),
(67, 14, 'tel:NTE3MjIwZTU4NDI1Yjg5MGNhNTViYmZjMTRkMDQyYzQwOGJlNDNkYzY5YTU3ZWRiNDgzNzg5NjE2MDBiY2NiMTpyb2Jp', 'Try', '2023-03-15 04:39:22', '2023-03-15 04:39:22'),
(68, 14, 'tel:ZjE3NjgwNGZhZWY3ZjY2MDY4ZmU0YWUyMDk5NjBlMzg2YzgyM2EyMGRiMTM5ZTgyODdjZmQwN2FlMGZjMjNjNDpyb2Jp', 'Try', '2023-03-27 02:50:59', '2023-03-27 02:50:59'),
(69, 19, 'tel:MGNlOWFiYzQ3OThmNDVjZGI1YmZlODc2N2ZmZjA0ODljNDc3OTcwOTAyMWM1ZDI3MzgxMjE0MzliN2Y3ZjQ0MTpyb2Jp', 'Try', '2023-03-28 07:39:33', '2023-03-28 07:39:33'),
(70, 18, 'tel:NzNmZWY3N2Y4ZGE2YWY1YTUwNTVjNWI4ZTUzYTEyNzQ2OTFjODc1OWIyYzJiZjRmYzViODFjMTY5MmUwYjdiZDpyb2Jp', 'Try', '2023-03-28 07:40:04', '2023-03-28 07:40:04'),
(71, 20, 'tel:NzdiZTQ4MWIyNWZkZjcyZWQzNzRjNTM2MWQ2ZjU1YTBkZWQyNmZhMDg0MDVhZjQ2MWY1MTg3YzE1NDg1MjJjNzpyb2Jp', 'Try', '2023-04-01 08:25:22', '2023-04-01 08:25:22'),
(72, 24, 'tel:MGExZThmYjY4NDg3NzFkNWIwMDRhYWIxYmFhYjE1ZGRiNjZiYmQ1MDFiNmUwMDJjOWU0ODIyMWFiMjBkYjJhYzpyb2Jp', 'Try', '2023-04-02 13:06:19', '2023-04-02 13:06:19'),
(73, 25, 'tel:YmJlMDA2MTM0ODQzZDA1YTM5ODhkNDdhNDFmMmQyMWUyODEzNTc0ZGUyZTJmN2MzMmY1NmZlNDA0YTVjYzJhODpyb2Jp', 'Try', '2023-04-02 13:07:09', '2023-04-02 13:07:09'),
(74, 16, 'tel:NmRiYzQyOTE2OTI5MTg3YjJiZWFiMDg5MWYxZGZmMGNhMGE3ZGNlMThhMjQyYmU5MjgzMGY1NmFjMTcwMjYyMDpyb2Jp', 'Try', '2023-04-10 03:06:38', '2023-04-10 03:06:38'),
(75, 27, 'tel:NzhjOTM4OGM1MTc4ODUzZjA1NDY3ODgyMGMwNTE2Njc4MWZmY2VkNjRlODQ1MDY1ZjU1NDE5MGJkYjE2MTcwNTpyb2Jp', 'Try', '2023-04-17 03:49:37', '2023-04-17 03:49:37'),
(76, 26, 'tel:YzQzYWQ0ZjEzYmI0ODc3Njc2ZWJlOTBlZWE0ZDU3NjkzOWRiMTZhNzQ4NjIxNWU5MjcyZDYzM2M3ODRlZGVhODpyb2Jp', 'Try', '2023-04-17 03:50:07', '2023-04-17 03:50:07'),
(77, 33, 'tel:ZjFlOWVjODBhNzg2Y2U0ODQ1OWVkNDY5YmY4Y2NiMzkwMTFmYjU0MGFiN2M3M2M0ZmMwNjU5ZmMxNGU3NDBlNjpyb2Jp', 'Try', '2023-04-23 05:07:42', '2023-04-23 05:07:42'),
(78, 32, 'tel:OTBlYzEwNTk1ODIyM2FkZWMxMTYxNTI2OWZiODVmMmVmNGJmMTkxMWQ3OTVjODQyMTM4NWE5MzAyMWQzNjVmZjpyb2Jp', 'Try', '2023-04-23 05:08:05', '2023-04-23 05:08:05'),
(79, 31, 'tel:NTFjNjZlOGVkYTFmODc4YzI4NWE0Yjk3ZDkyOTg3MDY0Y2U5YTgxMzc5NzNiN2VhZjlhYzYzZTU2MGRmNWM0MTpyb2Jp', 'Try', '2023-04-23 05:08:30', '2023-04-23 05:08:30'),
(80, 30, 'tel:N2MzN2VkYTg5ODdlMjg1NGFjMjI2YTM5MjY0NzY2OWFkODUxYWI2MzcyMDdmMzcyYmE1ZTEyZDBhMTU2ZWU0Mjpyb2Jp', 'Try', '2023-04-23 05:09:20', '2023-04-23 05:09:20'),
(81, 29, 'tel:MDk3YTY0OTI3MmE1ZjdlYzlkYWYyMjAwNDFhNmU1NzEyYzNkNjUxN2NiYzc5NmFhNjY2OWFiOTg4ZTJhZDY1Mjpyb2Jp', 'Try', '2023-04-23 05:09:52', '2023-04-23 05:09:52'),
(82, 28, 'tel:MDBhMTNhN2Y4MDY1NDZlZDAwMmU1ODc3ZjBhY2FkYzRiYTQyODAwMzViYTkyYjM0N2VhOWYxOGI5MWRjNjI3Nzpyb2Jp', 'Try', '2023-04-23 05:10:31', '2023-04-23 05:10:31'),
(83, 37, 'tel:ODM4MzFhYWIwMzhlYjBkYWNlOWZiYjUxMmU0YjQ1MTMzM2E4ZjUxZTNlYjVkMTkwMzY2ZTA3MGI3Nzk2MmRmNDpyb2Jp', 'REGISTERED', '2023-05-05 06:12:07', '2023-06-11 16:06:50'),
(84, 39, 'tel:OWY1NGNjZjI2ZWY3MjBjZTc3NGMxZjYyYjc3MThmODNjYTU5YTczNTQ1ZTMxZGQyMGZhMWQ5YjU3ODdlYzRjYTpyb2Jp', 'Try', '2023-05-05 06:13:07', '2023-05-05 06:13:07'),
(85, 38, 'tel:MjMwZmE1ZmUyOWQwYjdmNjFjMTE0ZTY3MTM5N2JkYmRhOGQ3Y2Y2ODNkMDMxNjhhOTZjYWM5MDc3MjE2OGQxZjpyb2Jp', 'Try', '2023-05-05 06:13:44', '2023-05-05 06:13:44'),
(86, 40, 'tel:ZDMzNGJlODYwMzViZGIxNGJhODY5MzJmMjRmMDdiYzZiMzExZmE1MTUyMGU2Y2Y1Y2FhMTdmMTIzNTIwOTZiMzpyb2Jp', 'Try', '2023-05-15 13:39:25', '2023-05-15 13:39:25'),
(87, 41, 'tel:ZTFkNzg4ZDcwZmEyZDhiMjNiY2JjNmQ1ZTUzMDE1MGIyOWM1Y2Q1Y2FiZDZhMDBkZjZlMmNmNDc5YzcyODkxNTpyb2Jp', 'Try', '2023-05-15 13:39:45', '2023-05-15 13:39:45'),
(88, 42, 'tel:MjE5ODM3ZDEyYTk3N2MzYWI2MTc0ZmZlOWE3NDg3ZDZlYmQxNGYyZTE3YjBkM2E5NWM5YWM3NmE4OGJiNDE5Mjpyb2Jp', 'Try', '2023-05-15 13:40:48', '2023-05-15 13:40:48'),
(89, 42, 'tel:MjE5ODM3ZDEyYTk3N2MzYWI2MTc0ZmZlOWE3NDg3ZDZlYmQxNGYyZTE3YjBkM2E5NWM5YWM3NmE4OGJiNDE5Mjpyb2Jp', 'Try', '2023-05-15 13:41:15', '2023-05-15 13:41:15'),
(90, 42, 'tel:MjE5ODM3ZDEyYTk3N2MzYWI2MTc0ZmZlOWE3NDg3ZDZlYmQxNGYyZTE3YjBkM2E5NWM5YWM3NmE4OGJiNDE5Mjpyb2Jp', 'Try', '2023-05-15 16:07:02', '2023-05-15 16:07:02'),
(91, 43, 'tel:YTNmOGQ4ZmEyMjVmYTNiZDEyODU0Y2E5M2QyYTlhY2YyNmMxNmYxOWJjYTgxMWVlYTU4N2E2ZGM0YTNiMjJiMzpyb2Jp', 'Try', '2023-05-24 12:23:14', '2023-05-24 12:23:14'),
(92, 44, 'tel:OTViNzA4NjcxOWY4NGE0Njg4ZWQxNGVlNTNiMzM1ZTUxZjhlYjU2MzU2Mzk2NDVkNjgxZWZhYjk0ODA1N2E2Yjpyb2Jp', 'Try', '2023-05-24 12:23:49', '2023-05-24 12:23:49'),
(93, 45, 'tel:OTU2ODMyZjJjNTdkMGUzZDY1NTZkOWIwYWI3YzA4OTM0YTYxM2FhNTU5OTk3NTJjMGQzM2Q3ZTQ4YThiNTEzYTpyb2Jp', 'Try', '2023-05-24 12:24:19', '2023-05-24 12:24:19'),
(94, 45, 'tel:OTU2ODMyZjJjNTdkMGUzZDY1NTZkOWIwYWI3YzA4OTM0YTYxM2FhNTU5OTk3NTJjMGQzM2Q3ZTQ4YThiNTEzYTpyb2Jp', 'Try', '2023-05-24 12:24:53', '2023-05-24 12:24:53'),
(95, 46, 'tel:MjE5NTk3ODYwMjhhMzIwZjE5MTZmMmVkYzRkMTdmZThmOTE1YjBiNjUwY2U1OGViYzhjNGZlNzgwYmI1NDI3ZTpyb2Jp', 'Try', '2023-05-24 12:25:28', '2023-05-24 12:25:28'),
(96, 47, 'tel:ZjMxOTQ5YmI3YjBlM2NiYzc1N2Q4MDg2MzkwMjIzZWEzOGZiNzgzODUxZTBhZDM0YjAwMTA0YTQ1MGQzMGRjOTpyb2Jp', 'Try', '2023-05-24 12:25:53', '2023-05-24 12:25:53'),
(97, 48, 'tel:MzZkZmFhNjk2Mzc1ZGI1NGFkNWJlZGZiZjNkZGY4ODE3NWMzMDIwZDMyNWE5NTU2ZDNiN2EyMWQzN2M4YWZkOTpyb2Jp', 'Try', '2023-05-24 12:26:16', '2023-05-24 12:26:16'),
(98, 48, 'tel:MzZkZmFhNjk2Mzc1ZGI1NGFkNWJlZGZiZjNkZGY4ODE3NWMzMDIwZDMyNWE5NTU2ZDNiN2EyMWQzN2M4YWZkOTpyb2Jp', 'Try', '2023-05-24 12:26:50', '2023-05-24 12:26:50'),
(99, 49, 'tel:ZWNmMjk3ZDRmZGIwZGNhYzFlYTI0ZmYwYThmYjc1MmJhYmEwZWEwNDY0NDk5MTdjNWI4YmUyOTBlNmU0YThjYzpyb2Jp', 'Try', '2023-05-24 12:27:12', '2023-05-24 12:27:12'),
(100, 69, 'tel:OTM3OTFmODM2MTE2ZDJiY2E5MTAwOTlhNjkxM2FkMjI3MmRmOWJhOWI4YjhhOTUxZTFjOTViMmRlZjJjNjVkMzpyb2Jp', 'Try', '2023-05-29 14:43:36', '2023-05-29 14:43:36'),
(101, 30, 'tel:N2MzN2VkYTg5ODdlMjg1NGFjMjI2YTM5MjY0NzY2OWFkODUxYWI2MzcyMDdmMzcyYmE1ZTEyZDBhMTU2ZWU0Mjpyb2Jp', 'Try', '2023-06-06 12:36:07', '2023-06-06 12:36:07'),
(102, 78, 'tel:N2QxNDI3MTA2YTUxZWIxYzNhODhkZTcyNjZjZjNjYTMwYzI5OWU0ODk0ZGJmZjcyMWRhMWM2NTEzNzA2N2UyZDpyb2Jp', 'Try', '2023-06-06 12:37:45', '2023-06-06 12:37:45'),
(103, 37, 'tel:ODM4MzFhYWIwMzhlYjBkYWNlOWZiYjUxMmU0YjQ1MTMzM2E4ZjUxZTNlYjVkMTkwMzY2ZTA3MGI3Nzk2MmRmNDpyb2Jp', 'REGISTERED', '2023-06-10 15:46:58', '2023-06-11 16:06:50'),
(104, 77, 'tel:NTgzY2ZhOWE3Y2VhZDNkNjA0Y2RiMjkwNTcyYzI2MzgwMzkyOGZhYjUyZDMzNTQ5NmYwY2IwZTVhZGNlYTdkYTpyb2Jp', 'Try', '2023-06-11 10:18:57', '2023-06-11 10:18:57'),
(105, 37, 'tel:ODM4MzFhYWIwMzhlYjBkYWNlOWZiYjUxMmU0YjQ1MTMzM2E4ZjUxZTNlYjVkMTkwMzY2ZTA3MGI3Nzk2MmRmNDpyb2Jp', 'REGISTERED', '2023-06-11 22:05:52', '2023-06-11 16:06:50'),
(106, 40, 'tel:ZjJmZjlmMTBiM2RjOTA1Y2YwOGU0MWEzYWUxOTI2MTZmOWQ2MWRiNmZkY2FiMjQ0Yzg0MjA2YzM2MWYyZjZiMzpyb2Jp', 'REGISTERED', '2023-06-12 04:33:42', '2023-06-11 22:34:45'),
(107, 21, 'tel:YTk5NTFlNjc5OGY5ZDlmY2E2Nzk5YmRmNDBkYTVkMTk5NDUwNDQ1ZmFkNWQ5OTMwMmZhMzc3MjhiMjE5YTJiZjpyb2Jp', 'Try', '2023-06-15 09:34:33', '2023-06-15 09:34:33'),
(108, 24, 'tel:YmNmNWIwMDAzYjkwMmNiNmZkM2ZmZTMzNWY2NzAyZjQzMTQzZGIyMmYzOGEwODk3OWY1NTc2NmQ1ZWZiNGNhNzpyb2Jp', 'Try', '2023-06-15 09:38:28', '2023-06-15 09:38:28'),
(109, 20, 'tel:ZDY3MmM2YzBlOTA3MzliNmQxMzU3ZjUzMTVjYzQ5M2MwMmY5ZjY0YmQ5NWJjOGFjNTMzNjkzMjdhNmE5MmQ5ODpyb2Jp', 'Try', '2023-06-15 09:39:00', '2023-06-15 09:39:00'),
(110, 19, 'tel:MGU0YTJhYTI2YWQzZTM4NTgzZGEyNGU0NDkxY2Y5MjRmYzY4YWFjOTQ4Y2VmMTY0ZGFlYzYwNjg5ODlhZjdlMzpyb2Jp', 'Try', '2023-06-15 09:44:05', '2023-06-15 09:44:05'),
(111, 18, 'tel:ZjY2NTYxNWQ3NTE0NDg1ZmY0ZjI1ODUzNGMzODE1ZmEyOWE3ZGM2Y2M0NWE5NDNlNmNjY2VmNjRkMDFjZmE2MDpyb2Jp', 'Try', '2023-06-15 09:44:32', '2023-06-15 09:44:32'),
(112, 18, 'tel:ZjY2NTYxNWQ3NTE0NDg1ZmY0ZjI1ODUzNGMzODE1ZmEyOWE3ZGM2Y2M0NWE5NDNlNmNjY2VmNjRkMDFjZmE2MDpyb2Jp', 'Try', '2023-06-15 09:45:11', '2023-06-15 09:45:11'),
(113, 19, 'tel:NzA1NzM0NjU5NzQwNzViNWFjNmVlNWZkNTFjM2MyZTI5YmFmOTE5OTNjMDc1ODAzNDgzODI4OTNiNDJkNWFlNTpyb2Jp', 'Try', '2023-06-16 04:02:57', '2023-06-16 04:02:57'),
(114, 38, 'tel:NGJlZjViZjNkYWEyM2ZiMjM5MWI3NzlkYTQzNWMxZDY4NGM1NmJjMTg3M2I4NGU1NWI0NGI5MGMwMTMzNTk5Mjpyb2Jp', 'Try', '2023-06-21 13:44:12', '2023-06-21 13:44:12'),
(115, 17, 'tel:YmI2MzE4M2I2ZDBmNmRjNDg2ODUzZjM0NGU4M2Q3Mjc5NjU0NmI1NDE1OWZkNmRhYWY1NDMxMjJlYjUwZmJjZjpyb2Jp', 'Try', '2023-06-22 16:23:10', '2023-06-22 16:23:10'),
(116, 21, 'tel:YTk5NTFlNjc5OGY5ZDlmY2E2Nzk5YmRmNDBkYTVkMTk5NDUwNDQ1ZmFkNWQ5OTMwMmZhMzc3MjhiMjE5YTJiZjpyb2Jp', 'Try', '2023-06-26 06:22:04', '2023-06-26 06:22:04'),
(117, 64, 'tel:NDE4ZWY1NDM1YzRlMGQ2Yzc0YThiOTVlODgzMzUyN2FlYjJiZTc0ZjhlMjhjZjcxNjVkMTk1YzcxMjlkMjA3Mzpyb2Jp', 'Try', '2023-06-26 06:23:06', '2023-06-26 06:23:06'),
(118, 14, 'tel:Zjc1NDJlNWRiMDVhNTQ3ZTEyMDNkZDE4NjViYjY4YWVlMzRmZDNkODZkODExODM5ZmVmM2EzMzQzZmUzNGE2ZDpyb2Jp', 'Try', '2023-06-27 13:05:27', '2023-06-27 13:05:27'),
(119, 5, 'tel:YjVkOGJkMTE1YzdjNDI0YWU2MDBlMmI2YzdjZTQ4OGU3MjJiNzY4NTYzN2JhZjEyMDJlZmVjMzc4MjBiNTQyNzpyb2Jp', 'REGISTERED', '2023-06-30 12:59:25', '2023-06-30 13:01:15'),
(120, 5, 'tel:YjhkMmRiODgzNjIwYWJjMDgwNDhmZmI1NTdlYTAxOGQzNzlmNTMzOTU0MWY4Yzk2NGJjM2VlODAxMDI5NjcxYjpyb2Jp', 'INITIAL CHARGING PENDING', '2023-06-30 15:35:02', '2023-06-30 15:35:02'),
(121, 5, 'tel:ZTM5OTQ2NTdhMGQwYmVlYjg5ZGY2MWNkNWYxZjIwMzg4YzBkZTU0NzVlNjFhMjcwODdmNzEwMWY0MzBhYjkyNzpyb2Jp', 'INITIAL CHARGING PENDING', '2023-06-30 16:09:11', '2023-06-30 16:09:11'),
(122, 5, 'tel:ZGNmZWEyZDg3Yzk3MWZjM2I0Zjg1N2VhMWM0MWMyMmQwOGNhMGIxZjllYWRmNmQxOTc4NDVkNThiZDZiZWE4ZDpyb2Jp', 'UNREGISTERED', '2023-06-30 18:12:00', '2023-06-30 18:15:34'),
(123, 5, 'tel:MDdjYzYzYzYwMzA1OTBmYWQxYmIxNGNjNDBjN2IxYzE3OGEyYzY0OWY3N2M4NDMwYzExYjQxODliMzc5ODAyZTpyb2Jp', 'INITIAL CHARGING PENDING', '2023-06-30 19:36:45', '2023-06-30 19:36:45'),
(124, 5, 'tel:NDk3ZjIxZjBiOWYzYmIzYzg4MDZjYmU4MjEzZDI5MjdjMThlZjVmZDI1NDIwMTMwZmI2Y2EwOWE5ODc5YzM2Nzpyb2Jp', 'REGISTERED', '2023-06-30 21:04:48', '2023-07-03 00:42:49'),
(125, 5, 'tel:YTZjNjMwMDQ4MDdlYTc0ZTI4NWZhODM0MDA2MzIyNTQ0NzY5MzAyN2I2NmVhYTZlZmE5ZWY3NDU4MjljZDBmYzpyb2Jp', 'INITIAL CHARGING PENDING', '2023-06-30 21:07:35', '2023-06-30 21:07:35'),
(126, 5, 'tel:YTM3YjgwNzg4ZDFhMjVlN2RhODg3NDA5NDQwNGIwZTM4MDlhZDNkNWEyNjllYmMwZDRjMzViZTcxOTdhMzY5Zjpyb2Jp', 'INITIAL CHARGING PENDING', '2023-06-30 21:59:59', '2023-06-30 21:59:59'),
(127, 5, 'tel:ZjMzYzczOWIzOTBkNmI4NWMyODZjOWE4NzBhYzEzNjk3YTA3NWM0ZWVjNzM2OWRiMGY3NmYyMThlYTY1YWQwODpyb2Jp', 'INITIAL CHARGING PENDING', '2023-06-30 22:08:23', '2023-06-30 22:08:23'),
(128, 5, 'tel:NDFmZmQ5MzRmNzdjN2Q4ZTM0NWRkZjUyOGYxZDE4ZGE5NDc3ZDllMDc4NWE3NmIxY2EyZTVjMjVhNjk0ODliZTpyb2Jp', 'INITIAL CHARGING PENDING', '2023-06-30 22:11:45', '2023-06-30 22:11:45'),
(129, 5, 'tel:MjkxNDU1MTg5NzEzOTFmNWQ3YzdhMGMzNzMyYTkxYTc0ZWExMDJlZGNlNWY5ZTY5MmViMjg1YmUwNjA4MDVlZTpyb2Jp', 'INITIAL CHARGING PENDING', '2023-06-30 22:18:59', '2023-06-30 22:18:59'),
(130, 5, 'tel:ODdjYTM2NzJmZjQ1MDE5M2IyZjAyN2Q4ZWI2NGY3OTI1NjVmYmQ1MGViYjhhNzUxYjJlODkyNTY5MjBhNzMxMzpyb2Jp', 'REGISTERED', '2023-06-30 22:35:22', '2023-06-30 22:36:05'),
(131, 5, 'tel:ZTRjYzg2OTcxYzRiNjNkYzVmZWI1MjM0MWFkMGYyN2E3NTNhMTAzNWU1Njg5M2EwMjNhM2I4ZGM1NzU0NzgzZjpyb2Jp', 'INITIAL CHARGING PENDING', '2023-06-30 22:46:22', '2023-06-30 22:46:22'),
(132, 5, 'tel:NGE4YzcyMzA0YzYzNGJkNTAyZWQzMDRkOGYyZmNjYzMyZjRhMzJkOGRiYzdmZmIxZWEwODVlNjNmM2VkZmQ0MDpyb2Jp', 'REGISTERED', '2023-06-30 23:34:32', '2023-06-30 23:35:31'),
(133, 5, 'tel:MDFjNjQ0ZWY1MjBmZDlkNDFhYWZjYzhlMTNjNzRlNDhmODc5ZGJjMjhmOWQ4ZDhmZDI5NmVjNGJmMmZjMzBlZjpyb2Jp', 'INITIAL CHARGING PENDING', '2023-07-01 00:02:35', '2023-07-01 00:02:35'),
(134, 5, 'tel:NTNiOWJiOTZkMzVlMGU5ZWJiYjBjNDYzNmM2YWUwYThhZGExYjFmNWM0NTRmMTUwYWI5ZDgzYmQxZmZlMWU5OTpyb2Jp', 'INITIAL CHARGING PENDING', '2023-07-01 00:03:16', '2023-07-01 00:03:16'),
(135, 5, 'tel:ODkyYzBlZTBjZmJkNWRlMTIyMTNmNWJhMTc4N2U1NjM0YjA3MzM1NTgwZTRhMTg5MjhmMjMxZWMzZjg3YjkzZjpyb2Jp', 'INITIAL CHARGING PENDING', '2023-07-01 00:17:55', '2023-07-01 00:17:55'),
(136, 5, 'tel:MzgwNDI3MTQ2OGEwYmIwMGI0N2ViZTEzYTk2OGJjMzM1OTcwZWU0ZWQ0ZWZlMzhiYTA0ODg1ZTY4MjY4ZDVmZjpyb2Jp', 'INITIAL CHARGING PENDING', '2023-07-01 01:03:50', '2023-07-01 01:03:50'),
(137, 25, 'tel:ODM0YzJlNGEyNDk0ZGQzMWI0MjM1YjMyMTliNTgyMGU0MjBkYmRkNmMzMmZkMWEzNGU2Yzk5NDQwYzY0MDc5NDpyb2Jp', 'Try', '2023-07-01 07:23:15', '2023-07-01 07:23:15'),
(138, 5, 'tel:MmVjYmU4MmY2ZTIxOGQ0MjM4YzE4Yjk5YzEwOThiYjRmMjExYjNiY2Y1MmQ5NDRkNDI1MDNjYTNlYWU5ZTQxNjpyb2Jp', 'INITIAL CHARGING PENDING', '2023-07-01 01:41:25', '2023-07-01 01:41:25'),
(139, 5, 'tel:YjM5MTlkNzcwMWU4MTg3ODhlOWY3MDA0NDJlZWM0OTQ3YTY1ZDEzMDM5ODU4YjdhZTRkNTVjMDY3YjA5YWY1YTpyb2Jp', 'INITIAL CHARGING PENDING', '2023-07-01 02:18:39', '2023-07-01 02:18:39'),
(140, 5, 'tel:MjAwMzljMDU5MjJiYWVmN2QzNWZlZWY2MTZmNjk5YjhjZDc0ZjZmZjgxYjc1MmFmY2FmZjgyZTA0Yjk0NjU5ZTpyb2Jp', 'REGISTERED', '2023-07-01 02:25:21', '2023-07-01 02:26:19'),
(141, 5, 'tel:ZTMwMzYzZTRhOTk3MWU4ODc4M2ZjN2IyYzk2ZjA4NjliM2U1Y2YzOGY0OGU2YWQ5ZWE2MzAxNDhlZTQ5OGIxYzpyb2Jp', 'REGISTERED', '2023-07-01 03:00:29', '2023-07-01 03:01:20'),
(142, 5, 'tel:NGZkZjFlMzU2Y2MwODg0NGFmOTIzY2Y3YjFiNzdkZTcxMTZmNzY3MjUzYTk5OTBkZTYzY2Q5NWU3ZWVjN2JmNTpyb2Jp', 'REGISTERED', '2023-07-01 07:59:26', '2023-07-03 01:30:38'),
(143, 5, 'tel:MzRmNmMwZDAzNjdjMDdkNzE3ZTFkOWEwMTU0ODBlYWJhZGViN2RjMzYyOTJmMjUxMWJhM2Y4MmJiOWZjYTBlZDpyb2Jp', 'REGISTERED', '2023-07-01 08:52:54', '2023-07-01 08:53:49'),
(144, 5, 'tel:ODY2ODgxZTIyOGYwNDM5ZmFjZjAzYWQ0ZTBjMjMzNTY4ZDYxM2E5OWNiM2ZhMmYyNjZhY2VmMDdjYjYzNGUzMjpyb2Jp', 'INITIAL CHARGING PENDING', '2023-07-01 13:12:52', '2023-07-01 13:12:52'),
(145, 5, 'tel:NWY3YjAyM2IxMTZhMGQxODdhNjM2ZDhmY2E0MDU3ZmMyOTVhYjcyMDE4ZTdlZTAxMjFhYzM3YTg2Y2NhNmRiYjpyb2Jp', 'INITIAL CHARGING PENDING', '2023-07-01 22:41:48', '2023-07-01 22:41:48'),
(146, 5, 'tel:Yzg0MzU5NzJlMDM1NTBkNDljMjViMDg0N2IxOWNkYzk4M2JlMDJlY2NkMjIyNjQ3NWI3ZDg1N2Y4ZTk1NGQ2OTpyb2Jp', 'INITIAL CHARGING PENDING', '2023-07-02 04:54:03', '2023-07-02 04:54:03'),
(147, 5, 'tel:MjgyNmM3OGJhMDY3NTBjMDVlMTJkMGZkNjFkNmRkZmUyZDhkYjY3YzJjMjAwNmMzNzVlNTJhMDg1MTc4NGM0ZTpyb2Jp', 'INITIAL CHARGING PENDING', '2023-07-03 02:10:57', '2023-07-03 02:10:57'),
(148, 5, 'tel:MmEzMjhlY2VkYzg0ZGIzZTAyZmVjN2ZjNmY1ZGU0NjRlYWM0ODJmNjcxNjAwODFjOGNkMjQ5YzNjMTQ3YWRjZDpyb2Jp', 'INITIAL CHARGING PENDING', '2023-07-04 00:43:03', '2023-07-04 00:43:03'),
(149, 21, 'tel:YTk5NTFlNjc5OGY5ZDlmY2E2Nzk5YmRmNDBkYTVkMTk5NDUwNDQ1ZmFkNWQ5OTMwMmZhMzc3MjhiMjE5YTJiZjpyb2Jp', 'Try', '2023-07-04 10:33:43', '2023-07-04 10:33:43'),
(150, 53, 'tel:Y2ZhZjg4NjI2MzVmZjNjOGU4NDEyZjBkYjZkMTI4NDFjM2FhOTk4ZmI5MzlkMmViMDExNjlhNjZlZjhlMmU5ZTpyb2Jp', 'Try', '2023-07-04 10:47:49', '2023-07-04 10:47:49'),
(151, 53, 'tel:Y2ZhZjg4NjI2MzVmZjNjOGU4NDEyZjBkYjZkMTI4NDFjM2FhOTk4ZmI5MzlkMmViMDExNjlhNjZlZjhlMmU5ZTpyb2Jp', 'Try', '2023-07-04 10:48:43', '2023-07-04 10:48:43'),
(152, 53, 'tel:Y2ZhZjg4NjI2MzVmZjNjOGU4NDEyZjBkYjZkMTI4NDFjM2FhOTk4ZmI5MzlkMmViMDExNjlhNjZlZjhlMmU5ZTpyb2Jp', 'Try', '2023-07-04 10:49:39', '2023-07-04 10:49:39'),
(153, 53, 'tel:Y2ZhZjg4NjI2MzVmZjNjOGU4NDEyZjBkYjZkMTI4NDFjM2FhOTk4ZmI5MzlkMmViMDExNjlhNjZlZjhlMmU5ZTpyb2Jp', 'Try', '2023-07-04 10:51:03', '2023-07-04 10:51:03'),
(154, 53, 'tel:Y2ZhZjg4NjI2MzVmZjNjOGU4NDEyZjBkYjZkMTI4NDFjM2FhOTk4ZmI5MzlkMmViMDExNjlhNjZlZjhlMmU5ZTpyb2Jp', 'Try', '2023-07-04 10:52:11', '2023-07-04 10:52:11'),
(155, 53, 'tel:Y2ZhZjg4NjI2MzVmZjNjOGU4NDEyZjBkYjZkMTI4NDFjM2FhOTk4ZmI5MzlkMmViMDExNjlhNjZlZjhlMmU5ZTpyb2Jp', 'Try', '2023-07-04 10:52:22', '2023-07-04 10:52:22'),
(156, 53, 'tel:Y2ZhZjg4NjI2MzVmZjNjOGU4NDEyZjBkYjZkMTI4NDFjM2FhOTk4ZmI5MzlkMmViMDExNjlhNjZlZjhlMmU5ZTpyb2Jp', 'Try', '2023-07-04 10:52:56', '2023-07-04 10:52:56'),
(157, 56, 'tel:YjM0ZDNiZDAzYTIwNTgwN2ZjMWQxMDJmZTQxMjg2ODU0NzhiNjg3NzIzMzYxYmZiZWE1M2ZmOWZjMGQ0ODI2NTpyb2Jp', 'Try', '2023-07-04 10:59:18', '2023-07-04 10:59:18'),
(158, 56, 'tel:YjM0ZDNiZDAzYTIwNTgwN2ZjMWQxMDJmZTQxMjg2ODU0NzhiNjg3NzIzMzYxYmZiZWE1M2ZmOWZjMGQ0ODI2NTpyb2Jp', 'Try', '2023-07-04 10:59:43', '2023-07-04 10:59:43'),
(159, 56, 'tel:YjM0ZDNiZDAzYTIwNTgwN2ZjMWQxMDJmZTQxMjg2ODU0NzhiNjg3NzIzMzYxYmZiZWE1M2ZmOWZjMGQ0ODI2NTpyb2Jp', 'Try', '2023-07-04 11:00:02', '2023-07-04 11:00:02'),
(160, 56, 'tel:YjM0ZDNiZDAzYTIwNTgwN2ZjMWQxMDJmZTQxMjg2ODU0NzhiNjg3NzIzMzYxYmZiZWE1M2ZmOWZjMGQ0ODI2NTpyb2Jp', 'Try', '2023-07-04 11:00:17', '2023-07-04 11:00:17'),
(161, 56, 'tel:YjM0ZDNiZDAzYTIwNTgwN2ZjMWQxMDJmZTQxMjg2ODU0NzhiNjg3NzIzMzYxYmZiZWE1M2ZmOWZjMGQ0ODI2NTpyb2Jp', 'Try', '2023-07-04 11:00:48', '2023-07-04 11:00:48'),
(162, 56, 'tel:YjM0ZDNiZDAzYTIwNTgwN2ZjMWQxMDJmZTQxMjg2ODU0NzhiNjg3NzIzMzYxYmZiZWE1M2ZmOWZjMGQ0ODI2NTpyb2Jp', 'Try', '2023-07-04 11:01:00', '2023-07-04 11:01:00'),
(163, 56, 'tel:YjM0ZDNiZDAzYTIwNTgwN2ZjMWQxMDJmZTQxMjg2ODU0NzhiNjg3NzIzMzYxYmZiZWE1M2ZmOWZjMGQ0ODI2NTpyb2Jp', 'Try', '2023-07-04 11:01:10', '2023-07-04 11:01:10'),
(164, 56, 'tel:YjM0ZDNiZDAzYTIwNTgwN2ZjMWQxMDJmZTQxMjg2ODU0NzhiNjg3NzIzMzYxYmZiZWE1M2ZmOWZjMGQ0ODI2NTpyb2Jp', 'Try', '2023-07-04 11:01:21', '2023-07-04 11:01:21'),
(165, 56, 'tel:YjM0ZDNiZDAzYTIwNTgwN2ZjMWQxMDJmZTQxMjg2ODU0NzhiNjg3NzIzMzYxYmZiZWE1M2ZmOWZjMGQ0ODI2NTpyb2Jp', 'Try', '2023-07-04 11:03:49', '2023-07-04 11:03:49'),
(166, 19, 'tel:MGU0YTJhYTI2YWQzZTM4NTgzZGEyNGU0NDkxY2Y5MjRmYzY4YWFjOTQ4Y2VmMTY0ZGFlYzYwNjg5ODlhZjdlMzpyb2Jp', 'Try', '2023-07-04 11:08:56', '2023-07-04 11:08:56'),
(167, 66, 'tel:ZGI3NjcwMjBkN2IxMWM0Y2ViMWE1NGE3Njg4NGYyZmY1MTIxMzQ0MTgyMDY3ODViYzRkNGVmYjZkZGM0NjIyYTpyb2Jp', 'Try', '2023-07-04 11:20:15', '2023-07-04 11:20:15'),
(168, 20, 'tel:ZDY3MmM2YzBlOTA3MzliNmQxMzU3ZjUzMTVjYzQ5M2MwMmY5ZjY0YmQ5NWJjOGFjNTMzNjkzMjdhNmE5MmQ5ODpyb2Jp', 'Try', '2023-07-04 11:23:43', '2023-07-04 11:23:43'),
(169, 24, 'tel:YmNmNWIwMDAzYjkwMmNiNmZkM2ZmZTMzNWY2NzAyZjQzMTQzZGIyMmYzOGEwODk3OWY1NTc2NmQ1ZWZiNGNhNzpyb2Jp', 'Try', '2023-07-04 11:32:44', '2023-07-04 11:32:44'),
(170, 21, 'tel:YTk5NTFlNjc5OGY5ZDlmY2E2Nzk5YmRmNDBkYTVkMTk5NDUwNDQ1ZmFkNWQ5OTMwMmZhMzc3MjhiMjE5YTJiZjpyb2Jp', 'Try', '2023-07-04 11:38:47', '2023-07-04 11:38:47'),
(171, 57, 'tel:NGQwYWRkYTliMmM1MTc4MjAwYWYyNmE5ZTM2N2U0YThlYTY0YWFkMTQ0MzI3ZWZlODZlYjNmZjUyMTk3MTEwOTpyb2Jp', 'Try', '2023-07-04 11:44:53', '2023-07-04 11:44:53'),
(172, 19, 'tel:MWQ2ZDQ3ZDI5YjIxZDYyMzU1OTlmYWQ0YTBjMzIyZGFiOTVmODg2YWM4YzljNjc1OWI5MTE0MzZhODA3YjZmZTpyb2Jp', 'Try', '2023-07-04 11:49:05', '2023-07-04 11:49:05'),
(173, 18, 'tel:ZjY2NTYxNWQ3NTE0NDg1ZmY0ZjI1ODUzNGMzODE1ZmEyOWE3ZGM2Y2M0NWE5NDNlNmNjY2VmNjRkMDFjZmE2MDpyb2Jp', 'Try', '2023-07-04 11:49:50', '2023-07-04 11:49:50'),
(174, 22, 'tel:Y2UyMmEzNWM2NTM3MmIyZDA0Nzg2ODFlZjI0MTU1YWQ4M2ZiOGM1MjQ5MzdmMDRmMWQxNmU5MzJhYmEyYThlNDpyb2Jp', 'Try', '2023-07-04 12:00:59', '2023-07-04 12:00:59'),
(175, 25, 'tel:M2MxMTBlNzU0NGQ0YmI4MmU4ZWZlNWNmYTI5NWY3ZjQxNTQ3ZGI1ZmQ5ZDViN2FmNjcwODVlYzM2ZjIxZGM3ZDpyb2Jp', 'Try', '2023-07-04 12:00:59', '2023-07-04 12:00:59');

-- --------------------------------------------------------

--
-- Table structure for table `users`
--

CREATE TABLE `users` (
  `id` bigint(20) UNSIGNED NOT NULL,
  `email` varchar(255) COLLATE utf8mb4_unicode_ci NOT NULL,
  `password` varchar(255) COLLATE utf8mb4_unicode_ci NOT NULL,
  `created_at` timestamp NULL DEFAULT NULL,
  `updated_at` timestamp NULL DEFAULT NULL
) ENGINE=InnoDB DEFAULT CHARSET=utf8mb4 COLLATE=utf8mb4_unicode_ci;

--
-- Dumping data for table `users`
--

INSERT INTO `users` (`id`, `email`, `password`, `created_at`, `updated_at`) VALUES
(1, 'admin@gmail.com', '$2a$12$iyjf8ZWjCY5BrG2mE5cMRe22JV6vkrDf5a7rK3bT5TRv6uQ/XCms.', NULL, NULL);

--
-- Indexes for dumped tables
--

--
-- Indexes for table `app_lists`
--
ALTER TABLE `app_lists`
  ADD PRIMARY KEY (`id`);

--
-- Indexes for table `contents`
--
ALTER TABLE `contents`
  ADD PRIMARY KEY (`id`);

--
-- Indexes for table `failed_jobs`
--
ALTER TABLE `failed_jobs`
  ADD PRIMARY KEY (`id`),
  ADD UNIQUE KEY `failed_jobs_uuid_unique` (`uuid`);

--
-- Indexes for table `migrations`
--
ALTER TABLE `migrations`
  ADD PRIMARY KEY (`id`);

--
-- Indexes for table `password_resets`
--
ALTER TABLE `password_resets`
  ADD KEY `password_resets_email_index` (`email`);

--
-- Indexes for table `personal_access_tokens`
--
ALTER TABLE `personal_access_tokens`
  ADD PRIMARY KEY (`id`),
  ADD UNIQUE KEY `personal_access_tokens_token_unique` (`token`),
  ADD KEY `personal_access_tokens_tokenable_type_tokenable_id_index` (`tokenable_type`,`tokenable_id`);

--
-- Indexes for table `subscribers`
--
ALTER TABLE `subscribers`
  ADD PRIMARY KEY (`id`),
  ADD KEY `subscribers_app_id_foreign` (`app_id`);

--
-- Indexes for table `users`
--
ALTER TABLE `users`
  ADD PRIMARY KEY (`id`),
  ADD UNIQUE KEY `users_email_unique` (`email`);

--
-- AUTO_INCREMENT for dumped tables
--

--
-- AUTO_INCREMENT for table `app_lists`
--
ALTER TABLE `app_lists`
  MODIFY `id` bigint(20) UNSIGNED NOT NULL AUTO_INCREMENT, AUTO_INCREMENT=117;

--
-- AUTO_INCREMENT for table `contents`
--
ALTER TABLE `contents`
  MODIFY `id` bigint(20) UNSIGNED NOT NULL AUTO_INCREMENT, AUTO_INCREMENT=2;

--
-- AUTO_INCREMENT for table `failed_jobs`
--
ALTER TABLE `failed_jobs`
  MODIFY `id` bigint(20) UNSIGNED NOT NULL AUTO_INCREMENT;

--
-- AUTO_INCREMENT for table `migrations`
--
ALTER TABLE `migrations`
  MODIFY `id` int(10) UNSIGNED NOT NULL AUTO_INCREMENT, AUTO_INCREMENT=9;

--
-- AUTO_INCREMENT for table `personal_access_tokens`
--
ALTER TABLE `personal_access_tokens`
  MODIFY `id` bigint(20) UNSIGNED NOT NULL AUTO_INCREMENT;

--
-- AUTO_INCREMENT for table `subscribers`
--
ALTER TABLE `subscribers`
  MODIFY `id` bigint(20) UNSIGNED NOT NULL AUTO_INCREMENT, AUTO_INCREMENT=176;

--
-- AUTO_INCREMENT for table `users`
--
ALTER TABLE `users`
  MODIFY `id` bigint(20) UNSIGNED NOT NULL AUTO_INCREMENT, AUTO_INCREMENT=2;

--
-- Constraints for dumped tables
--

--
-- Constraints for table `subscribers`
--
ALTER TABLE `subscribers`
  ADD CONSTRAINT `subscribers_app_id_foreign` FOREIGN KEY (`app_id`) REFERENCES `app_lists` (`id`);
COMMIT;

/*!40101 SET CHARACTER_SET_CLIENT=@OLD_CHARACTER_SET_CLIENT */;
/*!40101 SET CHARACTER_SET_RESULTS=@OLD_CHARACTER_SET_RESULTS */;
/*!40101 SET COLLATION_CONNECTION=@OLD_COLLATION_CONNECTION */;
